ID,Category,Name,Method,MethodArgument,RegistryPath,RegistryItem,ClassName,Namespace,Property,DefaultValue,RecommendedValue,Operator,Severity
1000,Features,"SMBv1 Support",WindowsOptionalFeature,smb1protocol,,,,,,Disabled,Disabled,=,High
1100,"Account Policies","Account lockout threshold",accountpolicy,,,,,,,Never,10,<=,Low
1101,"Account Policies","Account lockout duration",accountpolicy,,,,,,,30,15,>=,Low
1102,"Account Policies","Reset account lockout counter",accountpolicy,,,,,,,30,15,>=,Low
1103,"Account Policies","Store passwords using reversible encryption",secedit,"System Access\ClearTextPassword",,,,,,0,0,=,High
1301,"Security Options","Audit: Force audit policy subcategory settings to override audit policy category settings",Registry,,HKLM:\System\CurrentControlSet\Control\Lsa,SCENoApplyLegacyAuditPolicy,,,,"",1,=,Low
1309,"Security Options","Network access: Do not allow anonymous enumeration of SAM accounts",Registry,,HKLM:\System\CurrentControlSet\Control\Lsa,RestrictAnonymousSAM,,,,1,1,=,Medium
1310,"Security Options","Network access: Do not allow anonymous enumeration of SAM accounts and shares",Registry,,HKLM:\System\CurrentControlSet\Control\Lsa,RestrictAnonymous,,,,0,1,=,Medium
1311,"Security Options","Network access: Do not allow storage of passwords and credentials for network authentication",Registry,,HKLM:\System\CurrentControlSet\Control\Lsa,DisableDomainCreds,,,,0,1,=,Medium
1315,"Security Options","Network security: Minimum session security for NTLM SSP based (including secure RPC) clients",Registry,,HKLM:\System\CurrentControlSet\Control\Lsa\MSV1_0,NTLMMinClientSec,,,,536870912,537395200,=,Medium
1316,"Security Options","Network security: Minimum session security for NTLM SSP based (including secure RPC) servers",Registry,,HKLM:\System\CurrentControlSet\Control\Lsa\MSV1_0,NTLMMinServerSec,,,,536870912,537395200,=,Medium
1317,"Security Options","Network security: Restrict NTLM: Audit Incoming NTLM Traffic",Registry,,HKLM:\System\CurrentControlSet\Control\Lsa\MSV1_0,AuditReceivingNTLMTraffic,,,,0,2,=,Medium
1318,"Security Options","Network security: Restrict NTLM: Audit NTLM authentication in this domain",Registry,,HKLM:\System\CurrentControlSet\Services\Netlogon\Parameters,AuditNTLMInDomain,,,,0,7,=,Medium
1321,"Security Options","User Account Control: Admin Approval Mode for the Built-in Administrator account",Registry,,HKLM:\SOFTWARE\Microsoft\Windows\CurrentVersion\Policies\System,FilterAdministratorToken,,,,0,1,=,Medium
1322,"Security Options","User Account Control: Behavior of the elevation prompt for administrators in Admin Approval Mode",Registry,,HKLM:\SOFTWARE\Microsoft\Windows\CurrentVersion\Policies\System,ConsentPromptBehaviorAdmin,,,,5,5,=,Medium
1323,"Security Options","User Account Control: Behavior of the elevation prompt for standard users",Registry,,HKLM:\SOFTWARE\Microsoft\Windows\CurrentVersion\Policies\System,ConsentPromptBehaviorUser,,,,0,1,=,Medium
1326,"Security Options","Network security: Do not store LAN Manager hash value on next password change",Registry,,HKLM:\System\CurrentControlSet\Control\Lsa,NoLMHash,,,,1,1,=,High
1400,"Windows Firewall","EnableFirewall (Domain Profile, Policy)",Registry,,HKLM:\SOFTWARE\Policies\Microsoft\WindowsFirewall\DomainProfile,EnableFirewall,,,,1,1,=,Medium
1403,"Windows Firewall","Log size limit (Domain Profile, Policy)",Registry,,HKLM:\SOFTWARE\Policies\Microsoft\WindowsFirewall\DomainProfile\Logging,LogFileSize,,,,16384,16384,>=,Medium
1404,"Windows Firewall","Log dropped packets (Domain Profile, Policy)",Registry,,HKLM:\SOFTWARE\Policies\Microsoft\WindowsFirewall\DomainProfile\Logging,LogDroppedPackets,,,,1,1,=,Medium
1405,"Windows Firewall","Log successful connections (Domain Profile, Policy)",Registry,,HKLM:\SOFTWARE\Policies\Microsoft\WindowsFirewall\DomainProfile\Logging,LogSuccessfulConnections,,,,1,1,=,Low
1406,"Windows Firewall","EnableFirewall (Private Profile, Policy)",Registry,,HKLM:\SOFTWARE\Policies\Microsoft\WindowsFirewall\PrivateProfile,EnableFirewall,,,,1,1,=,Medium
1409,"Windows Firewall","Log size limit (Private Profile, Policy)",Registry,,HKLM:\SOFTWARE\Policies\Microsoft\WindowsFirewall\PrivateProfile\Logging,LogFileSize,,,,16384,16384,>=,Medium
1410,"Windows Firewall","Log dropped packets (Private Profile, Policy)",Registry,,HKLM:\SOFTWARE\Policies\Microsoft\WindowsFirewall\PrivateProfile\Logging,LogDroppedPackets,,,,1,1,=,Medium
1411,"Windows Firewall","Log successful connections (Private Profile, Policy)",Registry,,HKLM:\SOFTWARE\Policies\Microsoft\WindowsFirewall\PrivateProfile\Logging,LogSuccessfulConnections,,,,1,1,=,Low
1412,"Windows Firewall","EnableFirewall (Public Profile, Policy)",Registry,,HKLM:\SOFTWARE\Policies\Microsoft\WindowsFirewall\PublicProfile,EnableFirewall,,,,1,1,=,Medium
1415,"Windows Firewall","Log size limit (Public Profile, Policy)",Registry,,HKLM:\SOFTWARE\Policies\Microsoft\WindowsFirewall\PublicProfile\Logging,LogFileSize,,,,16384,16384,>=,Medium
1416,"Windows Firewall","Log dropped packets (Public Profile, Policy)",Registry,,HKLM:\SOFTWARE\Policies\Microsoft\WindowsFirewall\PublicProfile\Logging,LogDroppedPackets,,,,1,1,=,Medium
1417,"Windows Firewall","Log successful connections (Public Profile, Policy)",Registry,,HKLM:\SOFTWARE\Policies\Microsoft\WindowsFirewall\PublicProfile\Logging,LogSuccessfulConnections,,,,1,1,=,Low
1418,"Windows Firewall","EnableFirewall (Domain Profile)",Registry,,HKLM:\SYSTEM\CurrentControlSet\Services\SharedAccess\Parameters\FirewallPolicy\DomainProfile,EnableFirewall,,,,1,1,=,Medium
1421,"Windows Firewall","Log size limit (Domain Profile)",Registry,,HKLM:\SYSTEM\CurrentControlSet\Services\SharedAccess\Parameters\FirewallPolicy\DomainProfile\Logging,LogFileSize,,,,4096,16384,>=,Medium
1422,"Windows Firewall","Log dropped packets (Domain Profile)",Registry,,HKLM:\SYSTEM\CurrentControlSet\Services\SharedAccess\Parameters\FirewallPolicy\DomainProfile\Logging,LogDroppedPackets,,,,0,1,=,Medium
1423,"Windows Firewall","Log successful connections (Domain Profile)",Registry,,HKLM:\SYSTEM\CurrentControlSet\Services\SharedAccess\Parameters\FirewallPolicy\DomainProfile\Logging,LogSuccessfulConnections,,,,0,1,=,Low
1424,"Windows Firewall","EnableFirewall (Private Profile)",Registry,,HKLM:\SYSTEM\CurrentControlSet\Services\SharedAccess\Parameters\FirewallPolicy\StandardProfile,EnableFirewall,,,,1,1,=,Medium
1427,"Windows Firewall","Log size limit (Private Profile)",Registry,,HKLM:\SYSTEM\CurrentControlSet\Services\SharedAccess\Parameters\FirewallPolicy\StandardProfile\Logging,LogFileSize,,,,4096,16384,>=,Medium
1428,"Windows Firewall","Log dropped packets (Private Profile)",Registry,,HKLM:\SYSTEM\CurrentControlSet\Services\SharedAccess\Parameters\FirewallPolicy\StandardProfile\Logging,LogDroppedPackets,,,,0,1,=,Medium
1429,"Windows Firewall","Log successful connections (Private Profile)",Registry,,HKLM:\SYSTEM\CurrentControlSet\Services\SharedAccess\Parameters\FirewallPolicy\StandardProfile\Logging,LogSuccessfulConnections,,,,0,1,=,Low
1430,"Windows Firewall","EnableFirewall (Public Profile)",Registry,,HKLM:\SYSTEM\CurrentControlSet\Services\SharedAccess\Parameters\FirewallPolicy\PublicProfile,EnableFirewall,,,,1,1,=,Medium
1433,"Windows Firewall","Log size limit (Public Profile)",Registry,,HKLM:\SYSTEM\CurrentControlSet\Services\SharedAccess\Parameters\FirewallPolicy\PublicProfile\Logging,LogFileSize,,,,4096,16384,>=,Medium
1434,"Windows Firewall","Log dropped packets (Public Profile)",Registry,,HKLM:\SYSTEM\CurrentControlSet\Services\SharedAccess\Parameters\FirewallPolicy\PublicProfile\Logging,LogDroppedPackets,,,,0,1,=,Medium
1435,"Windows Firewall","Log successful connections (Public Profile)",Registry,,HKLM:\SYSTEM\CurrentControlSet\Services\SharedAccess\Parameters\FirewallPolicy\PublicProfile\Logging,LogSuccessfulConnections,,,,0,1,=,Low
1500,"Advanced Audit Policy Configuration","Credential Validation",auditpol,{0CCE923F-69AE-11D9-BED3-505054503030},,,,,,"No Auditing",Success and Failure,=,Low
1501,"Advanced Audit Policy Configuration","Security Group Management",auditpol,{0CCE9237-69AE-11D9-BED3-505054503030},,,,,,Success,Success,contains,Low
1502,"Advanced Audit Policy Configuration","User Account Management",auditpol,{0CCE9235-69AE-11D9-BED3-505054503030},,,,,,Success,Success and Failure,=,Low
1504,"Advanced Audit Policy Configuration","Plug and Play Events",auditpol,{0cce9248-69ae-11d9-bed3-505054503030},,,,,,"No Auditing",Success,contains,Low
1505,"Advanced Audit Policy Configuration","Process Creation",auditpol,{0CCE922B-69AE-11D9-BED3-505054503030},,,,,,"No Auditing",Success,contains,Low
1506,"Advanced Audit Policy Configuration","Account Lockout",auditpol,{0CCE9217-69AE-11D9-BED3-505054503030},,,,,,Success,Failure,contains,Low
1507,"Advanced Audit Policy Configuration","Group Membership",auditpol,{0cce9249-69ae-11d9-bed3-505054503030},,,,,,"No Auditing",Success,contains,Low
1508,"Advanced Audit Policy Configuration",Logon,auditpol,{0CCE9215-69AE-11D9-BED3-505054503030},,,,,,"Success and Failure",Success and Failure,=,Low
1515,"Advanced Audit Policy Configuration","Removable Storage",auditpol,{0CCE9245-69AE-11D9-BED3-505054503030},,,,,,"No Auditing",Success and Failure,=,Low
1516,"Advanced Audit Policy Configuration",SAM,auditpol,{0CCE9220-69AE-11D9-BED3-505054503030},,,,,,"No Auditing",Success and Failure,=,Low
1518,"Advanced Audit Policy Configuration","Authentication Policy Change",auditpol,{0CCE9230-69AE-11D9-BED3-505054503030},,,,,,Success,Success,contains,Low
1519,"Advanced Audit Policy Configuration","MPSSVC Rule-Level Policy Change",auditpol,{0CCE9232-69AE-11D9-BED3-505054503030},,,,,,"No Auditing",Success and Failure,=,Low
1521,"Advanced Audit Policy Configuration","Sensitive Privilege Use",auditpol,{0CCE9228-69AE-11D9-BED3-505054503030},,,,,,"No Auditing",Success and Failure,=,Low
1524,"Advanced Audit Policy Configuration","Security System Extension",auditpol,{0CCE9211-69AE-11D9-BED3-505054503030},,,,,,"No Auditing",Success,contains,Low
1525,"Advanced Audit Policy Configuration","System Integrity",auditpol,{0CCE9212-69AE-11D9-BED3-505054503030},,,,,,"Success and Failure",Success and Failure,=,Low
1600,"Administrative Templates: Control Panel","Personalization: Prevent enabling lock screen camera",Registry,,HKLM:\Software\Policies\Microsoft\Windows\Personalization,NoLockScreenCamera,,,,0,1,=,Low
1602,"Administrative Templates: Network","Lanman Workstation: Enable insecure guest logons",Registry,,HKLM:\Software\Policies\Microsoft\Windows\LanmanWorkstation,AllowInsecureGuestAuth,,,,1,0,=,Medium
1604,"Administrative Templates: Network","WLAN Settings: Allow Windows to automatically connect to suggested open hotspots, to networks shared by contacts, and to hotspots offering paid services",Registry,,HKLM:\Software\Microsoft\wcmsvc\wifinetworkmanager\config,AutoConnectAllowedOEM,,,0,1,0,=,Medium
1606,"Administrative Templates: System","Credentials Delegation: Encryption Oracle Remediation",Registry,,HKLM:\SOFTWARE\Microsoft\Windows\CurrentVersion\Policies\System\CredSSP\Parameters,AllowEncryptionOracle,,,,0,0,=,Medium
1614,"Administrative Templates: System","Device Guard: Virtualization Based Security Status",CimInstance,,,,Win32_DeviceGuard,root\Microsoft\Windows\DeviceGuard,VirtualizationBasedSecurityStatus,"Not available",2,=,Medium
1630,"Administrative Templates: System","Early Launch Antimalware: Boot-Start Driver Initialization Policy",Registry,,HKLM:\System\CurrentControlSet\Policies\EarlyLaunch,DriverLoadPolicy,,,,0,3,=,Medium
1640,"Administrative Templates: System","Internet Communication Management: Internet Communication settings: Turn off the Windows Messenger Customer Experience Improvement Program",Registry,,HKLM:\Software\Policies\Microsoft\Messenger\Client,CEIP,,,,0,2,=,Medium
1641,"Administrative Templates: System","Internet Communication Management: Internet Communication settings: Turn off downloading of print drivers over HTTP",Registry,,"HKLM:\Software\Policies\Microsoft\Windows NT\Printers",DisableWebPnPDownload,,,,0,1,=,Medium
1642,"Administrative Templates: System","Internet Communication Management: Internet Communication settings: Turn off Windows Error Reporting 1",Registry,,HKLM:\Software\Policies\Microsoft\PCHealth\ErrorReporting,DoReport,,,,1,0,=,Medium
1643,"Administrative Templates: System","Internet Communication Management: Internet Communication settings: Turn off Windows Error Reporting 2",Registry,,"HKLM:\Software\Policies\Microsoft\Windows\Windows Error Reporting",Disabled,,,,0,1,=,Medium
1645,"Administrative Templates: System","Internet Communication Management: Internet Communication settings: Turn off Windows Customer Experience Improvement Program",Registry,,HKLM:\Software\Policies\Microsoft\SQMClient\Windows,CEIPEnable,,,,1,0,=,Medium
1650,"Administrative Templates: System","Kernel DMA Protection: Enumeration policy for external devices incompatible with Kernel DMA Protection",Registry,,"HKLM:\SOFTWARE\Policies\Microsoft\Windows\Kernel DMA Protection",DeviceEnumerationPolicy,,,,2,0,=,Medium
1662,"Administrative Templates: System","Logon: Do not display network selection UI",Registry,,HKLM:\Software\Policies\Microsoft\Windows\System,DontDisplayNetworkSelectionUI,,,,0,1,=,Medium
1680,"Administrative Templates: System","OS Policies: Allow Clipboard synchronization across devices",Registry,,HKLM:\SOFTWARE\Policies\Microsoft\Windows\System,AllowCrossDeviceClipboard,,,,1,0,=,Medium
1685,"Administrative Templates: System","Sleep Settings: Require a password when a computer wakes (plugged in)",Registry,,HKLM:\Software\Policies\Microsoft\Power\PowerSettings\0e796bdb-100d-47d6-a2d5-f7d2daa51f51,ACSettingIndex,,,,0,1,=,Medium
1686,"Administrative Templates: System","Sleep Settings: Require a password when a computer wakes (on battery)",Registry,,HKLM:\Software\Policies\Microsoft\Power\PowerSettings\0e796bdb-100d-47d6-a2d5-f7d2daa51f51,DCSettingIndex,,,,0,1,=,Medium
1693,"Administrative Templates: System","Remote Procedure Call: Restrict Unauthenticated RPC clients",Registry,,"HKLM:\Software\Policies\Microsoft\Windows NT\Rpc",RestrictRemoteClients,,,,0,2,=,Medium
1696,"Administrative Templates: System","User Profiles: Turn of the advertising ID",Registry,,HKLM:\SOFTWARE\Policies\Microsoft\Windows\AdvertisingInfo,DisabledByGroupPolicy,,,,0,1,=,Medium
1700,"Administrative Templates: Windows Components","App Package Deployment: Allow a Windows app to share application data between users",Registry,,HKLM:\Software\Policies\Microsoft\Windows\CurrentVersion\AppModel\StateManager,AllowSharedLocalAppData,,,,1,0,=,Medium
1701,"Administrative Templates: Windows Components","App Privacy: Let Windows apps activate with voice while the system is locked",Registry,,HKLM:\SOFTWARE\Policies\Microsoft\Windows\AppPrivacy,LetAppsActivateWithVoiceAboveLock,,,,0,2,=,Medium
1703,"Administrative Templates: Windows Components","Application Compatibility: Turn off Application Telemetry",Registry,,HKLM:\Software\Policies\Microsoft\Windows\AppCompat,AITEnable,,,,1,0,=,Medium
1704,"Administrative Templates: Windows Components","AutoPlay Policies: Turn off Autoplay",Registry,,HKLM:\Software\Microsoft\Windows\CurrentVersion\Policies\Explorer,NoDriveTypeAutoRun,,,,0,255,=,Medium
1705,"Administrative Templates: Windows Components","AutoPlay Policies: Disallow Autoplay for non-volume devices",Registry,,HKLM:\Software\Policies\Microsoft\Windows\Explorer,NoAutoplayfornonVolume,,,,0,1,=,Medium
1706,"Administrative Templates: Windows Components","AutoPlay Policies: Set the default behavior for AutoRun",Registry,,HKLM:\Software\Microsoft\Windows\CurrentVersion\Policies\Explorer,NoAutorun,,,,0,1,=,Medium
1721,"Administrative Templates: Windows Components","Cloud Content: Turn off Microsoft consumer experiences",Registry,,HKLM:\Software\Policies\Microsoft\Windows\CloudContent,DisableWindowsConsumerFeatures,,,,0,1,=,Medium
1724,"Administrative Templates: Windows Components","Credential User Interface: Enumerate administrator accounts on elevation",Registry,,HKLM:\SOFTWARE\Microsoft\Windows\CurrentVersion\Policies\CredUI,EnumerateAdministrators,,,,1,0,=,Medium
1725,"Administrative Templates: Windows Components","Data Collection and Preview Builds: Allow Telemetry",Registry,,HKLM:\Software\Policies\Microsoft\Windows\DataCollection,AllowTelemetry,,,,2,1,<=,Medium
1726,"Administrative Templates: Windows Components","Data Collection and Preview Builds: Allow device name to be sent in Windows diagnostic data",Registry,,HKLM:\Software\Policies\Microsoft\Windows\DataCollection,AllowDeviceNameInTelemetry,,,,1,0,=,Medium
1727,"Administrative Templates: Windows Components","Delivery Optimization: Download Mode",Registry,,HKLM:\SOFTWARE\Policies\Microsoft\Windows\DeliveryOptimization,DODownloadMode,,,,1,99,=,Medium
1734,"Administrative Templates: Windows Components","Remote Desktop Connection Client: Do not allow passwords to be saved",Registry,,"HKLM:\SOFTWARE\Policies\Microsoft\Windows NT\Terminal Services",DisablePasswordSaving,,,,0,1,=,Medium
1737,"Administrative Templates: Windows Components","Remote Desktop Session Host: Security: Always prompt for password upon connection",Registry,,"HKLM:\SOFTWARE\Policies\Microsoft\Windows NT\Terminal Services",fPromptForPassword,,,,0,1,=,Medium
1738,"Administrative Templates: Windows Components","Remote Desktop Session Host: Security: Require secure RPC communication",Registry,,"HKLM:\SOFTWARE\Policies\Microsoft\Windows NT\Terminal Services",fEncryptRPCTraffic,,,,0,1,=,Medium
1739,"Administrative Templates: Windows Components","Remote Desktop Session Host: Security: Set client connection encryption level",Registry,,"HKLM:\SOFTWARE\Policies\Microsoft\Windows NT\Terminal Services",MinEncryptionLevel,,,,0,3,=,Medium
1740,"Administrative Templates: Windows Components","Search: Allow Cloud Search",Registry,,"HKLM:\SOFTWARE\Policies\Microsoft\Windows\Windows Search",AllowCloudSearch,,,,1,0,=,Medium
1741,"Administrative Templates: Windows Components","Search: Allow Cortana",Registry,,"HKLM:\SOFTWARE\Policies\Microsoft\Windows\Windows Search",AllowCortana,,,,1,0,=,Medium
1742,"Administrative Templates: Windows Components","Search: Allow Cortana above lock screen",Registry,,"HKLM:\SOFTWARE\Policies\Microsoft\Windows\Windows Search",AllowCortanaAboveLock,,,,1,0,=,Medium
1744,"Administrative Templates: Windows Components","Search: Allow search and Cortana to use location",Registry,,"HKLM:\SOFTWARE\Policies\Microsoft\Windows\Windows Search",AllowSearchToUseLocation,,,,1,0,=,Medium
1745,"Administrative Templates: Windows Components","Search: Set what information is shared in Search",Registry,,"HKLM:\SOFTWARE\Policies\Microsoft\Windows\Windows Search",ConnectedSearchPrivacy,,,,1,3,=,Medium
1746,"Administrative Templates: Windows Components","Windows Error Reporting: Disable Windows Error Reporting",Registry,,"HKLM:\SOFTWARE\Policies\Microsoft\Windows\Windows Error Reporting",Disabled,,,,0,1,=,Medium
1747,"Administrative Templates: Windows Components","Windows Game Recording and Broadcasting: Enables or disables Windows Game Recording and Broadcasting",Registry,,HKLM:\Software\Policies\Microsoft\Windows\GameDVR,AllowGameDVR,,,,1,0,=,Low
1749,"Administrative Templates: Windows Components","Windows Installer: Always install with elevated privileges",Registry,,HKLM:\Software\Policies\Microsoft\Windows\Installer,AlwaysInstallElevated,,,,1,0,=,Medium
1751,"Administrative Templates: Windows Components","Windows Installer: Prevent Internet Explorer security prompt for Windows Installer scripts",Registry,,HKLM:\Software\Policies\Microsoft\Windows\Installer,SafeForScripting,,,,1,0,=,Medium
1752,"Administrative Templates: Windows Components","Windows Logon Options: Sign-in and lock last interactive user automatically after a restart",Registry,,HKLM:\SOFTWARE\Microsoft\Windows\CurrentVersion\Policies\System,DisableAutomaticRestartSignOn,,,,0,1,=,Medium
1753,"Administrative Templates: Windows Components","WinRM Client: Allow Basic authentication",Registry,,HKLM:\Software\Policies\Microsoft\Windows\WinRM\Client,AllowBasic,,,,1,0,=,Medium
1754,"Administrative Templates: Windows Components","WinRM Client: Allow unencrypted traffic",Registry,,HKLM:\Software\Policies\Microsoft\Windows\WinRM\Client,AllowUnencryptedTraffic,,,,1,0,=,Medium
1755,"Administrative Templates: Windows Components","WinRM Client: Disallow Digest authentication",Registry,,HKLM:\Software\Policies\Microsoft\Windows\WinRM\Client,AllowDigest,,,,1,0,=,Medium
1757,"Administrative Templates: Windows Components","WinRM Service: Allow Basic authentication",Registry,,HKLM:\Software\Policies\Microsoft\Windows\WinRM\Service,AllowBasic,,,,1,0,=,Medium
1764,"Administrative Templates: Printer","Point and Print Restrictions: When installing drivers for a new connection (CVE-2021-34527)",Registry,,"HKLM:\SOFTWARE\Policies\Microsoft\Windows NT\Printers\PointAndPrint",NoWarningNoElevationOnInstall,,,,0,0,=,High
1765,"Administrative Templates: Printer","Point and Print Restrictions: When updating drivers for an existing connection (CVE-2021-34527)",Registry,,"HKLM:\SOFTWARE\Policies\Microsoft\Windows NT\Printers\PointAndPrint",UpdatePromptSettings,,,,0,0,=,High
1766,"Administrative Templates: Printer","Point and Print Restrictions: Only administrators can install printer drivers on a print server (CVE-2021-34527)",Registry,,"HKLM:\SOFTWARE\Policies\Microsoft\Windows NT\Printers\PointAndPrint",RestrictDriverInstallationToAdministrators,,,,0,1,=,Medium
1768,"Administrative Templates: Printer","Only use Package Point and Print (CVE-2021-36958)",Registry,,"HKLM:\SOFTWARE\Policies\Microsoft\Windows NT\Printers\PackagePointAndPrint",PackagePointAndPrintOnly,,,,,1,=,Medium
1769,"Administrative Templates: Printer","Package Point and Print - Approved servers (CVE-2021-36958)",Registry,,"HKLM:\SOFTWARE\Policies\Microsoft\Windows NT\Printers\PackagePointAndPrint",PackagePointAndPrintServerList,,,,,1,=,Medium
1800,"Microsoft Defender Antivirus","Turn off Windows Defender Antivirus",Registry,,"HKLM:\Software\Policies\Microsoft\Windows Defender",DisableAntiSpyware,,,,0,0,=,Medium
1801,"Microsoft Defender Antivirus","Configure detection for potentially unwanted applications",Registry,,"HKLM:\Software\Policies\Microsoft\Windows Defender",PUAProtection,,,,0,1,>=,Medium
1802,"Microsoft Defender Antivirus","Cloud-delivered protection",MpPreference,MAPSReporting,,,,,,2,2,=,Medium
1803,"Microsoft Defender Antivirus","Automatic sample submission",MpPreference,SubmitSamplesConsent,,,,,,1,2,=,Medium
1805,"Microsoft Defender Antivirus","Real time monitoring",MpPreference,DisableRealtimeMonitoring,,,,,,False,False,=,High
1900,"Microsoft Defender Exploit Guard","Attack Surface Reduction rules",Registry,,"HKLM:\Software\Policies\Microsoft\Windows Defender\Windows Defender Exploit Guard\ASR",ExploitGuard_ASR_Rules,,,,0,1,=,Medium
1901,"Microsoft Defender Exploit Guard","ASR: Block executable content from email client and webmail (Policy)",Registry,,"HKLM:\Software\Policies\Microsoft\Windows Defender\Windows Defender Exploit Guard\ASR\rules",be9ba2d9-53ea-4cdc-84e5-9b1eeee46550,,,,0,1,=,Medium
1903,"Microsoft Defender Exploit Guard","ASR: Block Office applications from creating executable content (Policy)",Registry,,"HKLM:\Software\Policies\Microsoft\Windows Defender\Windows Defender Exploit Guard\ASR\rules",3b576869-a4ec-4529-8536-b80a7769e899,,,,0,1,=,Medium
1904,"Microsoft Defender Exploit Guard","ASR: Block Office applications from injecting into other processes (Policy)",Registry,,"HKLM:\Software\Policies\Microsoft\Windows Defender\Windows Defender Exploit Guard\ASR\rules",75668c1f-73b5-4cf0-bb93-3ecf5cb7cc84,,,,0,1,=,Medium
1905,"Microsoft Defender Exploit Guard","ASR: Impede JavaScript and VBScript to launch executables (Policy)",Registry,,"HKLM:\Software\Policies\Microsoft\Windows Defender\Windows Defender Exploit Guard\ASR\rules",d3e037e1-3eb8-44c8-a917-57927947596d,,,,0,1,=,Medium
1906,"Microsoft Defender Exploit Guard","ASR: Block execution of potentially obfuscated scripts (Policy)",Registry,,"HKLM:\Software\Policies\Microsoft\Windows Defender\Windows Defender Exploit Guard\ASR\rules",5beb7efe-fd9a-4556-801d-275e5ffc04cc,,,,0,1,=,Medium
1907,"Microsoft Defender Exploit Guard","ASR: Block Win32 imports from Macro code in Office (Policy)",Registry,,"HKLM:\Software\Policies\Microsoft\Windows Defender\Windows Defender Exploit Guard\ASR\rules",92e97fa1-2edf-4476-bdd6-9dd0b4dddc7b,,,,0,1,=,Medium
1909,"Microsoft Defender Exploit Guard","ASR: Use advanced protection against ransomware (Policy)",Registry,,"HKLM:\Software\Policies\Microsoft\Windows Defender\Windows Defender Exploit Guard\ASR\rules",c1db55ab-c21a-4637-bb3f-a12568109d35,,,,0,1,=,Medium
1910,"Microsoft Defender Exploit Guard","ASR: Block credential stealing from the Windows local security authority subsystem (lsass.exe) (Policy)",Registry,,"HKLM:\Software\Policies\Microsoft\Windows Defender\Windows Defender Exploit Guard\ASR\rules",9e6c4e1f-7d60-472f-ba1a-a39ef669e4b2,,,,0,1,=,Medium
1911,"Microsoft Defender Exploit Guard","ASR: Block process creations originating from PSExec and WMI commands (Policy)",Registry,,"HKLM:\Software\Policies\Microsoft\Windows Defender\Windows Defender Exploit Guard\ASR\rules",d1e49aac-8f56-4280-b9ba-993a6d77406c,,,,0,1,=,Medium
1912,"Microsoft Defender Exploit Guard","ASR: Block untrusted and unsigned processes that run from USB (Policy)",Registry,,"HKLM:\Software\Policies\Microsoft\Windows Defender\Windows Defender Exploit Guard\ASR\rules",b2b3f03d-6a65-4f7b-a9c7-1c7ef74a9ba4,,,,0,1,=,Medium
1913,"Microsoft Defender Exploit Guard","ASR: Block Office communication applications from creating child processes (Policy)",Registry,,"HKLM:\Software\Policies\Microsoft\Windows Defender\Windows Defender Exploit Guard\ASR\rules",26190899-1602-49e8-8b27-eb1d0a1ce869,,,,0,1,=,Medium
1914,"Microsoft Defender Exploit Guard","ASR: Block Adobe Reader from creating child processes (Policy)",Registry,,"HKLM:\Software\Policies\Microsoft\Windows Defender\Windows Defender Exploit Guard\ASR\rules",7674ba52-37eb-4a4f-a9a1-f0f9a1619a2c,,,,0,1,=,Medium
1915,"Microsoft Defender Exploit Guard","ASR: Block persistence through WMI event subscription (Policy)",Registry,,"HKLM:\Software\Policies\Microsoft\Windows Defender\Windows Defender Exploit Guard\ASR\rules",e6db77e5-3df2-4cf1-b95a-636979351e5b,,,,0,1,=,Medium
1916,"Microsoft Defender Exploit Guard","ASR: Block executable content from email client and webmail",MpPreferenceAsr,be9ba2d9-53ea-4cdc-84e5-9b1eeee46550,,,,,,0,1,=,Medium
1918,"Microsoft Defender Exploit Guard","ASR: Block Office applications from creating executable content",MpPreferenceAsr,3b576869-a4ec-4529-8536-b80a7769e899,,,,,,0,1,=,Medium
1919,"Microsoft Defender Exploit Guard","ASR: Block Office applications from injecting into other processes",MpPreferenceAsr,75668c1f-73b5-4cf0-bb93-3ecf5cb7cc84,,,,,,0,1,=,Medium
1920,"Microsoft Defender Exploit Guard","ASR: Impede JavaScript and VBScript to launch executables",MpPreferenceAsr,d3e037e1-3eb8-44c8-a917-57927947596d,,,,,,0,1,=,Medium
1921,"Microsoft Defender Exploit Guard","ASR: Block execution of potentially obfuscated scripts",MpPreferenceAsr,5beb7efe-fd9a-4556-801d-275e5ffc04cc,,,,,,0,1,=,Medium
1922,"Microsoft Defender Exploit Guard","ASR: Block Win32 imports from Macro code in Office",MpPreferenceAsr,92e97fa1-2edf-4476-bdd6-9dd0b4dddc7b,,,,,,0,1,=,Medium
1924,"Microsoft Defender Exploit Guard","ASR: Use advanced protection against ransomware",MpPreferenceAsr,c1db55ab-c21a-4637-bb3f-a12568109d35,,,,,,0,1,=,Medium
1925,"Microsoft Defender Exploit Guard","ASR: Block credential stealing from the Windows local security authority subsystem (lsass.exe)",MpPreferenceAsr,9e6c4e1f-7d60-472f-ba1a-a39ef669e4b2,,,,,,0,1,=,Medium
1926,"Microsoft Defender Exploit Guard","ASR: Block process creations originating from PSExec and WMI commands",MpPreferenceAsr,d1e49aac-8f56-4280-b9ba-993a6d77406c,,,,,,0,1,=,Medium
1927,"Microsoft Defender Exploit Guard","ASR: Block untrusted and unsigned processes that run from USB",MpPreferenceAsr,b2b3f03d-6a65-4f7b-a9c7-1c7ef74a9ba4,,,,,,0,1,=,Medium
1928,"Microsoft Defender Exploit Guard","ASR: Block Office communication applications from creating child processes",MpPreferenceAsr,26190899-1602-49e8-8b27-eb1d0a1ce869,,,,,,0,1,=,Medium
1929,"Microsoft Defender Exploit Guard","ASR: Block Adobe Reader from creating child processes",MpPreferenceAsr,7674ba52-37eb-4a4f-a9a1-f0f9a1619a2c,,,,,,0,1,=,Medium
1930,"Microsoft Defender Exploit Guard","ASR: Block persistence through WMI event subscription",MpPreferenceAsr,e6db77e5-3df2-4cf1-b95a-636979351e5b,,,,,,0,1,=,Medium
1931,"Microsoft Defender Exploit Guard","ASR: Block abuse of exploited vulnerable signed drivers (Policy)",Registry,,"HKLM:\Software\Policies\Microsoft\Windows Defender\Windows Defender Exploit Guard\ASR\rules",56a863a9-875e-4185-98a7-b882c64b5ce5,,,,0,1,=,Medium
1932,"Microsoft Defender Exploit Guard","ASR: Block abuse of exploited vulnerable signed drivers",MpPreferenceAsr,56a863a9-875e-4185-98a7-b882c64b5ce5,,,,,,0,1,=,Medium
1950,"Microsoft Defender Exploit Guard","Exploit protection: Control flow guard (CFG)",Processmitigation,Cfg.Enable,,,,,,On,ON,=,Medium
1951,"Microsoft Defender Exploit Guard","Exploit protection: Data Execution Prevention (DEP)",Processmitigation,DEP.Enable,,,,,,On,ON,=,Medium
1965,"Microsoft Defender Exploit Guard","Network Protection: Prevent users and apps from accessing dangerous websites",Registry,,"HKLM:\SOFTWARE\Policies\Microsoft\Windows Defender\Windows Defender Exploit Guard\Network Protection",EnableNetworkProtection,,,,,1,=,Medium
1966,"Microsoft Defender Exploit Guard","ASR: Exclude files and paths from Attack Surface Reduction Rules (Policy)",Registry,,"HKLM:\Software\Policies\Microsoft\Windows Defender\Windows Defender Exploit Guard\ASR",ExploitGuard_ASR_ASROnlyExclusions,,,,,,=,Medium
1967,"Microsoft Defender Exploit Guard","ASR: List of excluded files and paths from Attack Surface Reduction Rules",MpPreferenceExclusion,AttackSurfaceReductionOnlyExclusions,,,,,,,,=,Medium
1980,"Microsoft Defender Application Guard","Support for Microsoft Defender Application Guard",WindowsOptionalFeature,Windows-Defender-ApplicationGuard,,,,,,Disabled,Enabled,=,Medium
1982,"Microsoft Defender Application Guard","Allow auditing events in Microsoft Defender Application Guard",Registry,,HKLM:\SOFTWARE\Policies\Microsoft\AppHVSI,AuditApplicationGuard,,,,,1,=,Medium
2000,"Administrative Templates: Windows Components","File Explorer: Configure Windows Defender SmartScreen",Registry,,HKLM:\SOFTWARE\Policies\Microsoft\Windows\System,EnableSmartScreen,,,,1,1,=,Medium
2001,"Administrative Templates: Windows Components","File Explorer: Configure Windows Defender SmartScreen to warn and prevent bypass",Registry,,HKLM:\SOFTWARE\Policies\Microsoft\Windows\System,ShellSmartScreenLevel,,,,Warn,Warn,=,Medium
2100,PowerShell,"Turn on PowerShell Script Block Logging",Registry,,HKLM:\Software\Policies\Microsoft\Windows\PowerShell\ScriptBlockLogging,EnableScriptBlockLogging,,,,0,1,=,Medium
2101,PowerShell,"Turn on PowerShell Script Block Logging (Invocation)",Registry,,HKLM:\Software\Policies\Microsoft\Windows\PowerShell\ScriptBlockLogging,EnableScriptBlockInvocationLogging,,,,0,1,=,Low
2104,PowerShell,"Disable PowerShell version 2",WindowsOptionalFeature,MicrosoftWindowsPowerShellV2,,,,,,Enabled,Disabled,=,Medium
2105,PowerShell,"Disable PowerShell version 2 (root)",WindowsOptionalFeature,MicrosoftWindowsPowerShellV2Root,,,,,,Enabled,Disabled,=,Medium
2200,"MS Security Guide","LSA Protection",Registry,,HKLM:\SYSTEM\CurrentControlSet\Control\Lsa,RunAsPPL,,,,,1,=,Medium
2201,"MS Security Guide","Lsass.exe audit mode",Registry,,"HKLM:\SOFTWARE\Microsoft\Windows NT\CurrentVersion\Image File Execution Options\LSASS.exe",AuditLevel,,,,,8,=,Low
2202,"MS Security Guide","NetBT NodeType configuration",Registry,,HKLM:\SYSTEM\CurrentControlSet\Services\NetBT\Parameters,NodeType,,,,0,2,=,Medium
2203,"MS Security Guide","WDigest Authentication",Registry,,HKLM:\SYSTEM\CurrentControlSet\Control\SecurityProviders\WDigest,UseLogonCredential,,,,0,0,=,High